0,0,0,0
0,0,0,0
0,0,0,0
0,0,0,0
0,0,0,0
0,0,0,0
0,0,0,0
0,0,0,0
0,0,0,0
0,0,0,0
0,0,0,0
0,0,0,0
0,0,0,0
0,0,0,0
0,0,0,0
0,0,0,0
0,0,0,0
0,0,0,0
0,0,0,0
0,0,0,0
0,0,0,0
0,0,0,0
0,0,0,0
0,0,0,0
0,0,0,0
0,0,0,0
0,0,0,0
0,0,0,0
0,0,0,0
0,0,0,0
0,0,0,0
0,0,0,0
0,0,0,0
0,0,0,0
0,0,0,0
0,0,0,0
0,0,0,0
0,0,0,0
0,0,0,0
0,0,0,0
0,0,0,0
0,0,0,0
0,0,0,0
0,0,0,0
0,0,0,0
0,0,0,0
0,0,0,0
0,0,0,0
0,0,0,0
0,0,0,0
0,0,0,0
0,0,0,0
0,0,0,0
0,0,0,0
0,0,0,0
0,0,0,0
0,0,0,0
0,0,0,0
0,0,0,0
0,0,0,0
0,0,0,0
0,0,0,0
0,0,0,0
0,0,0,0
0,0,0,0
0,0,0,0
0,0,0,0
0,0,0,0
0,0,0,0
0,0,0,0
0,0,0,0
0,0,0,0
0,0,0,0
0,0,0,0
0,0,0,0
0,0,0,0
0,0,0,0
0,0,0,0
0,0,0,0
0,0,0,0
0,0,0,0
0,0,0,0
0,0,0,0
0,0,0,0
0,0,0,0
0,0,0,0
0,0,0,0
0,0,0,0
0,0,0,0
0,0,0,0
0,0,0,0
0,0,0,0
0,0,0,0
0,0,0,0
0,0,0,0
0,0,0,0
0,0,0,0
0,0,0,0
0,0,0,0
0,0,0,0
0,0,0,0
0,0,0,0
0,0,0,0
0,0,0,0
0,0,0,0
0,0,0,0
0,0,0,0
0,0,0,0
0,0,0,0
0,0,0,0
0,0,0,0
0,0,0,0
0,0,0,0
0,0,0,0
0,0,0,0
0,0,0,0
0,0,0,0
0,0,0,0
0,0,0,0
0,0,0,0
0,0,0,0
0,0,0,0
0,0,0,0
0,0,0,0
0,0,0,0
0,0,0,0
0,0,0,0
0,0,0,0
0,0,0,0
0,0,0,0
0,0,0,0
0,0,0,0
0,0,0,0
0,0,0,0
0,0,0,0
0,0,0,0
0,0,0,0
0,0,0,0
0,0,0,0
0,0,0,0
0,0,0,0
0,0,0,0
0,0,0,0
0,0,0,0
0,0,0,0
0,0,0,0
0,0,0,0
0,0,0,0
0,0,0,0
0,0,0,0
0,0,0,0
0,0,0,0
0,0,0,0
0,0,0,0
0,0,0,0
0,0,0,0
0,0,0,0
0,0,0,0
0,0,0,0
0,0,0,0
0.2,0,0,0
0.20125,0,0,0
0.2025,0,0,0
0.20375,0,0,0
0.205,0,0,0
0.20625,0,0,0
0.2075,0,0,0
0.20875,0,0,0
0.21,0,0,0
0.21125,0,0,0
0.2125,0,0,0
0.21375,0,0,0
0.215,0,0,0
0.21625,0,0,0
0.2175,0,0,0
0.21875,0,0,0
0.22,0,0,0
0.22125,0,0,0
0.2225,0,0,0
0.22375,0,0,0
0.225,0,0,0
0.22625,0,0,0
0.2275,0,0,0
0.22875,0,0,0
0.23,0,0,0
0.23125,0,0,0
0.2325,0,0,0
0.23375,0,0,0
0.235,0,0,0
0.23625,0,0,0
0.2375,0,0,0
0.23875,0,0,0
0.24,0,0,0
0.24125,0,0,0
0.2425,0,0,0
0.24375,0,0,0
0.245,0,0,0
0.24625,0,0,0
0.2475,0,0,0
0.24875,0,0,0
0.25,0,0,0
0.25125,0,0,0
0.2525,0,0,0
0.25375,0,0,0
0.255,0,0,0
0.25625,0,0,0
0.2575,0,0,0
0.25875,0,0,0
0.26,0,0,0
0.26125,0,0,0
0.2625,0,0,0
0.26375,0,0,0
0.265,0,0,0
0.26625,0,0,0
0.2675,0,0,0
0.26875,0,0,0
0.27,0,0,0
0.27125,0,0,0
0.2725,0,0,0
0.27375,0,0,0
0.275,0,0,0
0.27625,0,0,0
0.2775,0,0,0
0.27875,0,0,0
0.28,0,0,0
0.28125,0,0,0
0.2825,0,0,0
0.28375,0,0,0
0.285,0,0,0
0.28625,0.229229229229229,0,0
0.2875,0.23023023023023,0,0
0.28875,0.231231231231231,0,0
0.29,0.232232232232232,0,0
0.29125,0.233233233233233,0,0
0.2925,0.234234234234234,0,0
0.29375,0.235235235235235,0,0
0.295,0.236236236236236,0,0
0.29625,0.237237237237237,0,0
0.2975,0.238238238238238,0,0
0.29875,0.239239239239239,0,0
0.3,0.24024024024024,0,0
0.30125,0.241241241241241,0,0
0.3025,0.242242242242242,0,0
0.30375,0.243243243243243,0,0
0.305,0.244244244244244,0,0
0.30625,0.245245245245245,0,0
0.3075,0.246246246246246,0,0
0.30875,0.247247247247247,0,0
0.31,0.248248248248248,0,0
0.31125,0.249249249249249,0,0
0.3125,0.25025025025025,0,0
0.31375,0.251251251251251,0,0
0.315,0.252252252252252,0,0
0.31625,0.253253253253253,0,0
0.3175,0.254254254254254,0,0
0.31875,0.255255255255255,0,0
0.32,0.256256256256256,0,0
0.32125,0.257257257257257,0,0
0.3225,0.258258258258258,0,0
0.32375,0.259259259259259,0,0
0.325,0.26026026026026,0,0
0.32625,0.261261261261261,0,0
0.3275,0.262262262262262,0,0
0.32875,0.263263263263263,0,0
0.33,0.264264264264264,0,0
0.33125,0.265265265265265,0,0
0.3325,0.266266266266266,0,0
0.33375,0.267267267267267,0,0
0.335,0.268268268268268,0,0
0.33625,0.269269269269269,0,0
0.3375,0.27027027027027,0,0
0.33875,0.271271271271271,0,0
0.34,0.272272272272272,0,0
0.34125,0.273273273273273,0,0
0.3425,0.274274274274274,0,0
0.34375,0.275275275275275,0,0
0.345,0.276276276276276,0,0
0.34625,0.277277277277277,0,0
0.3475,0.278278278278278,0,0
0.34875,0.279279279279279,0,0
0.35,0.28028028028028,0,0
0.35125,0.281281281281281,0,0
0.3525,0.282282282282282,0,0
0.35375,0.283283283283283,0,0
0.355,0.284284284284284,0,0
0.35625,0.285285285285285,0,0
0.3575,0.286286286286286,0,0
0.35875,0.287287287287287,0,0
0.36,0.288288288288288,0,0
0.36125,0.289289289289289,0,0
0.3625,0.29029029029029,0,0
0.36375,0.291291291291291,0,0
0.365,0.292292292292292,0,0
0.36625,0.293293293293293,0,0
0.3675,0.294294294294294,0,0
0.36875,0.295295295295295,0,0
0.37,0.296296296296296,0,0
0.37125,0.297297297297297,0,0
0.3725,0.298298298298298,0,0
0.37375,0.299299299299299,0,0
0.375,0.3003003003003,0,0
0.37625,0.301301301301301,0,0
0.3775,0.302302302302302,0,0
0.37875,0.303303303303303,0,0
0.38,0.304304304304304,0,0
0.38125,0.305305305305305,0,0
0.3825,0.306306306306306,0,0
0.38375,0.307307307307307,0,0
0.385,0.308308308308308,0,0
0.38625,0.309309309309309,0,0
0.3875,0.31031031031031,0,0
0.38875,0.311311311311311,0,0
0.39,0.312312312312312,0,0
0.39125,0.313313313313313,0,0
0.3925,0.314314314314314,0,0
0.39375,0.315315315315315,0,0
0.395,0.316316316316316,0,0
0.39625,0.317317317317317,0,0
0.3975,0.318318318318318,0,0
0.39875,0.319319319319319,0,0
0.4,0.32032032032032,0,0
0.40125,0.321321321321321,0,0
0.4025,0.322322322322322,0,0
0.40375,0.323323323323323,0,0
0.405,0.324324324324324,0,0
0.40625,0.325325325325325,0,0
0.4075,0.326326326326326,0,0
0.40875,0.327327327327327,0,0
0.41,0.328328328328328,0,0
0.41125,0.329329329329329,0,0
0.4125,0.33033033033033,0,0
0.41375,0.331331331331331,0,0
0.415,0.332332332332332,0,0
0.41625,0.333333333333333,0,0
0.4175,0.334334334334334,0,0
0.41875,0.335335335335335,0,0
0.42,0.336336336336336,0,0
0.42125,0.337337337337337,0,0
0.4225,0.338338338338338,0,0
0.42375,0.339339339339339,0,0
0.425,0.34034034034034,0,0
0.42625,0.341341341341341,0,0
0.4275,0.342342342342342,0,0
0.42875,0.343343343343343,0,0
0.43,0.344344344344344,0,0
0.43125,0.345345345345345,0,0
0.4325,0.346346346346346,0,0
0.43375,0.347347347347347,0,0
0.435,0.348348348348348,0,0
0.43625,0.349349349349349,0,0
0.4375,0.35035035035035,0,0
0.43875,0.351351351351351,0,0
0.44,0.352352352352352,0,0
0.44125,0.353353353353353,0,0
0.4425,0.354354354354354,0,0
0.44375,0.355355355355355,0,0
0.445,0.356356356356356,0,0
0.44625,0.357357357357357,0,0
0.4475,0.358358358358358,0,0
0.44875,0.359359359359359,0,0
0.45,0.36036036036036,0,0
0.45125,0.361361361361361,0,0
0.4525,0.362362362362362,0,0
0.45375,0.363363363363363,0,0
0.455,0.364364364364364,0,0
0.45625,0.365365365365365,0,0
0.4575,0.366366366366366,0,0
0.45875,0.367367367367367,0,0
0.46,0.368368368368368,0,0
0.46125,0.369369369369369,0,0
0.4625,0.37037037037037,0,0
0.46375,0.371371371371371,0,0
0.465,0.372372372372372,0,0
0.46625,0.373373373373373,0,0
0.4675,0.374374374374374,0,0
0.46875,0.375375375375375,0,0
0.47,0.376376376376376,0,0
0.47125,0.377377377377377,0,0
0.4725,0.378378378378378,0,0
0.47375,0.379379379379379,0,0
0.475,0.38038038038038,0,0
0.47625,0.381381381381381,0,0
0.4775,0.382382382382382,0,0
0.47875,0.383383383383383,0,0
0.48,0.384384384384384,0,0
0.48125,0.385385385385385,0,0
0.4825,0.386386386386386,0,0
0.48375,0.387387387387387,0,0
0.485,0.388388388388388,0,0
0.48625,0.389389389389389,0,0
0.4875,0.39039039039039,0,0
0.48875,0.391391391391391,0,0
0.49,0.392392392392392,0,0
0.49125,0.393393393393393,0,0
0.4925,0.394394394394394,0,0
0.49375,0.395395395395395,0,0
0.495,0.396396396396396,0,0
0.49625,0.397397397397397,0,0
0.4975,0.398398398398398,0,0
0.49875,0.399399399399399,0,0
0.5,0.4004004004004,0.4004004004004,0
0.50125,0.401401401401401,0.401401401401401,0
0.5025,0.402402402402402,0.402402402402402,0
0.50375,0.403403403403403,0.403403403403403,0
0.505,0.404404404404404,0.404404404404404,0
0.50625,0.405405405405405,0.405405405405405,0
0.5075,0.406406406406406,0.406406406406406,0
0.50875,0.407407407407407,0.407407407407407,0
0.51,0.408408408408408,0.408408408408408,0
0.51125,0.409409409409409,0.409409409409409,0
0.5125,0.41041041041041,0.41041041041041,0
0.51375,0.411411411411411,0.411411411411411,0
0.515,0.412412412412412,0.412412412412412,0
0.51625,0.413413413413413,0.413413413413413,0
0.5175,0.414414414414414,0.414414414414414,0
0.51875,0.415415415415415,0.415415415415415,0
0.52,0.416416416416416,0.416416416416416,0
0.52125,0.417417417417417,0.417417417417417,0
0.5225,0.418418418418418,0.418418418418418,0
0.52375,0.419419419419419,0.419419419419419,0
0.525,0.42042042042042,0.42042042042042,0
0.52625,0.421421421421421,0.421421421421421,0
0.5275,0.422422422422422,0.422422422422422,0
0.52875,0.423423423423423,0.423423423423423,0
0.53,0.424424424424424,0.424424424424424,0
0.53125,0.425425425425425,0.425425425425425,0
0.5325,0.426426426426426,0.426426426426426,0
0.53375,0.427427427427427,0.427427427427427,0
0.535,0.428428428428428,0.428428428428428,0
0.53625,0.429429429429429,0.429429429429429,0
0.5375,0.43043043043043,0.43043043043043,0
0.53875,0.431431431431431,0.431431431431431,0
0.54,0.432432432432432,0.432432432432432,0
0.54125,0.433433433433433,0.433433433433433,0
0.5425,0.434434434434434,0.434434434434434,0
0.54375,0.435435435435435,0.435435435435435,0
0.545,0.436436436436436,0.436436436436436,0
0.54625,0.437437437437437,0.437437437437437,0
0.5475,0.438438438438438,0.438438438438438,0
0.54875,0.439439439439439,0.439439439439439,0
0.55,0.44044044044044,0.44044044044044,0
0.55125,0.441441441441441,0.441441441441441,0
0.5525,0.442442442442442,0.442442442442442,0
0.55375,0.443443443443443,0.443443443443443,0
0.555,0.444444444444444,0.444444444444444,0
0.55625,0.445445445445445,0.445445445445445,0
0.5575,0.446446446446446,0.446446446446446,0
0.55875,0.447447447447447,0.447447447447447,0
0.56,0.448448448448449,0.448448448448448,0
0.56125,0.449449449449449,0.449449449449449,0
0.5625,0.45045045045045,0.45045045045045,0
0.56375,0.451451451451451,0.451451451451451,0
0.565,0.452452452452452,0.452452452452452,0
0.56625,0.453453453453454,0.453453453453453,0
0.5675,0.454454454454454,0.454454454454454,0
0.56875,0.455455455455456,0.455455455455455,0
0.57,0.456456456456456,0.456456456456456,0
0.57125,0.457457457457457,0.457457457457457,0
0.5725,0.458458458458459,0.458458458458458,0
0.57375,0.459459459459459,0.459459459459459,0
0.575,0.460460460460461,0.46046046046046,0
0.57625,0.461461461461461,0.461461461461461,0
0.5775,0.462462462462462,0.462462462462462,0
0.57875,0.463463463463464,0.463463463463463,0
0.58,0.464464464464464,0.464464464464464,0
0.58125,0.465465465465466,0.465465465465465,0
0.5825,0.466466466466467,0.466466466466466,0
0.58375,0.467467467467467,0.467467467467467,0
0.585,0.468468468468469,0.468468468468468,0
0.58625,0.469469469469469,0.469469469469469,0
0.5875,0.470470470470471,0.47047047047047,0
0.58875,0.471471471471472,0.471471471471471,0
0.59,0.472472472472472,0.472472472472472,0
0.59125,0.473473473473474,0.473473473473473,0
0.5925,0.474474474474474,0.474474474474474,0
0.59375,0.475475475475476,0.475475475475475,0
0.595,0.476476476476477,0.476476476476476,0
0.59625,0.477477477477477,0.477477477477477,0
0.5975,0.478478478478479,0.478478478478478,0
0.59875,0.479479479479479,0.479479479479479,0
0.6,0.480480480480481,0.48048048048048,0
0.60125,0.481481481481482,0.481481481481481,0
0.6025,0.482482482482483,0.482482482482482,0
0.60375,0.483483483483484,0.483483483483483,0
0.605,0.484484484484485,0.484484484484485,0
0.60625,0.485485485485486,0.485485485485485,0
0.6075,0.486486486486487,0.486486486486486,0
0.60875,0.487487487487488,0.487487487487487,0
0.61,0.488488488488489,0.488488488488488,0
0.61125,0.48948948948949,0.48948948948949,0
0.6125,0.490490490490491,0.49049049049049,0
0.61375,0.491491491491492,0.491491491491491,0
0.615,0.492492492492493,0.492492492492492,0
0.61625,0.493493493493494,0.493493493493493,0
0.6175,0.494494494494495,0.494494494494495,0
0.61875,0.495495495495496,0.495495495495495,0
0.62,0.496496496496497,0.496496496496497,0
0.62125,0.497497497497498,0.497497497497497,0
0.6225,0.498498498498499,0.498498498498498,0
0.62375,0.4994994994995,0.4994994994995,0
0.625,0.500500500500501,0.500500500500501,0
0.62625,0.501501501501502,0.501501501501502,0
0.6275,0.502502502502503,0.502502502502503,0
0.62875,0.503503503503504,0.503503503503503,0
0.63,0.504504504504505,0.504504504504504,0
0.63125,0.505505505505506,0.505505505505506,0
0.6325,0.506506506506507,0.506506506506507,0
0.63375,0.507507507507508,0.507507507507508,0
0.635,0.508508508508509,0.508508508508508,0
0.63625,0.50950950950951,0.509509509509509,0
0.6375,0.510510510510511,0.510510510510511,0
0.63875,0.511511511511512,0.511511511511512,0
0.64,0.512512512512513,0.512512512512513,0
0.64125,0.513513513513514,0.513513513513513,0
0.6425,0.514514514514515,0.514514514514514,0
0.64375,0.515515515515516,0.515515515515516,0
0.645,0.516516516516517,0.516516516516517,0
0.64625,0.517517517517518,0.517517517517518,0
0.6475,0.518518518518519,0.518518518518518,0
0.64875,0.51951951951952,0.519519519519519,0
0.65,0.520520520520521,0.520520520520521,0
0.65125,0.521521521521522,0.521521521521522,0
0.6525,0.522522522522523,0.522522522522523,0
0.65375,0.523523523523524,0.523523523523523,0
0.655,0.524524524524525,0.524524524524524,0
0.65625,0.525525525525526,0.525525525525526,0
0.6575,0.526526526526527,0.526526526526527,0
0.65875,0.527527527527528,0.527527527527528,0
0.66,0.528528528528529,0.528528528528528,0
0.66125,0.52952952952953,0.529529529529529,0
0.6625,0.530530530530531,0.530530530530531,0
0.66375,0.531531531531532,0.531531531531532,0
0.665,0.532532532532533,0.532532532532533,0
0.66625,0.533533533533534,0.533533533533533,0
0.6675,0.534534534534535,0.534534534534534,0
0.66875,0.535535535535536,0.535535535535536,0
0.67,0.536536536536537,0.536536536536537,0
0.67125,0.537537537537538,0.537537537537538,0
0.6725,0.538538538538539,0.538538538538539,0
0.67375,0.53953953953954,0.539539539539539,0
0.675,0.540540540540541,0.540540540540541,0
0.67625,0.541541541541542,0.541541541541542,0
0.6775,0.542542542542543,0.542542542542543,0
0.67875,0.543543543543544,0.543543543543544,0
0.68,0.544544544544545,0.544544544544544,0
0.68125,0.545545545545546,0.545545545545546,0
0.6825,0.546546546546547,0.546546546546547,0
0.68375,0.547547547547548,0.547547547547548,0
0.685,0.548548548548549,0.548548548548549,0
0.68625,0.54954954954955,0.54954954954955,0
0.6875,0.550550550550551,0.550550550550551,0
0.68875,0.551551551551552,0.551551551551552,0
0.69,0.552552552552553,0.552552552552553,0
0.69125,0.553553553553554,0.553553553553554,0
0.6925,0.554554554554555,0.554554554554555,0
0.69375,0.555555555555556,0.555555555555556,0
0.695,0.556556556556557,0.556556556556557,0
0.69625,0.557557557557558,0.557557557557558,0
0.6975,0.558558558558559,0.558558558558559,0
0.69875,0.55955955955956,0.55955955955956,0
0.7,0.560560560560561,0.560560560560561,0
0.70125,0.561561561561562,0.561561561561562,0
0.7025,0.562562562562563,0.562562562562563,0
0.70375,0.563563563563564,0.563563563563564,0
0.705,0.564564564564565,0.564564564564565,0
0.70625,0.565565565565566,0.565565565565566,0
0.7075,0.566566566566567,0.566566566566567,0
0.70875,0.567567567567568,0.567567567567568,0
0.71,0.568568568568569,0.568568568568569,0
0.71125,0.56956956956957,0.56956956956957,0
0.7125,0.570570570570571,0.570570570570571,0
0.71375,0.571571571571572,0.571571571571572,0
0.715,0.572572572572573,0.572572572572573,0
0.71625,0.573573573573574,0.573573573573574,0
0.7175,0.574574574574575,0.574574574574575,0
0.71875,0.575575575575576,0.575575575575576,0
0.72,0.576576576576577,0.576576576576577,0
0.72125,0.577577577577578,0.577577577577578,0
0.7225,0.578578578578579,0.578578578578579,0
0.72375,0.57957957957958,0.57957957957958,0
0.725,0.580580580580581,0.580580580580581,0
0.72625,0.581581581581582,0.581581581581582,0
0.7275,0.582582582582583,0.582582582582583,0
0.72875,0.583583583583584,0.583583583583584,0
0.73,0.584584584584585,0.584584584584585,0
0.73125,0.585585585585586,0.585585585585586,0
0.7325,0.586586586586587,0.586586586586587,0
0.73375,0.587587587587588,0.587587587587588,0
0.735,0.588588588588589,0.588588588588589,0
0.73625,0.58958958958959,0.58958958958959,0
0.7375,0.590590590590591,0.590590590590591,0
0.73875,0.591591591591592,0.591591591591592,0
0.74,0.592592592592593,0.592592592592593,0
0.74125,0.593593593593594,0.593593593593594,0
0.7425,0.594594594594595,0.594594594594595,0
0.74375,0.595595595595596,0.595595595595596,0
0.745,0.596596596596597,0.596596596596597,0
0.74625,0.597597597597598,0.597597597597598,0
0.7475,0.598598598598599,0.598598598598599,0
0.74875,0.5995995995996,0.5995995995996,0
0.75,0.600600600600601,0.600600600600601,0
0.75125,0.601601601601602,0.601601601601602,0
0.7525,0.602602602602603,0.602602602602603,0
0.75375,0.603603603603604,0.603603603603604,0
0.755,0.604604604604605,0.604604604604605,0
0.75625,0.605605605605606,0.605605605605606,0
0.7575,0.606606606606607,0.606606606606607,0
0.75875,0.607607607607608,0.607607607607608,0
0.76,0.608608608608609,0.608608608608609,0
0.76125,0.60960960960961,0.60960960960961,0
0.7625,0.610610610610611,0.610610610610611,0
0.76375,0.611611611611612,0.611611611611612,0
0.765,0.612612612612613,0.612612612612613,0
0.76625,0.613613613613614,0.613613613613614,0
0.7675,0.614614614614615,0.614614614614615,0
0.76875,0.615615615615616,0.615615615615616,0
0.77,0.616616616616617,0.616616616616617,0
0.77125,0.617617617617618,0.617617617617618,0
0.7725,0.618618618618619,0.618618618618619,0
0.77375,0.61961961961962,0.61961961961962,0
0.775,0.620620620620621,0.620620620620621,0
0.77625,0.621621621621622,0.621621621621622,0
0.7775,0.622622622622623,0.622622622622623,0
0.77875,0.623623623623624,0.623623623623624,0
0.78,0.624624624624625,0.624624624624625,0
0.78125,0.625625625625626,0.625625625625626,0
0.7825,0.626626626626627,0.626626626626627,0
0.78375,0.627627627627628,0.627627627627628,0
0.785,0.628628628628629,0.628628628628629,0
0.78625,0.62962962962963,0.62962962962963,0
0.7875,0.630630630630631,0.630630630630631,0
0.78875,0.631631631631632,0.631631631631632,0
0.79,0.632632632632633,0.632632632632633,0
0.79125,0.633633633633634,0.633633633633634,0
0.7925,0.634634634634635,0.634634634634635,0
0.79375,0.635635635635636,0.635635635635636,0
0.795,0.636636636636637,0.636636636636637,0
0.79625,0.637637637637638,0.637637637637638,0
0.7975,0.638638638638639,0.638638638638639,0
0.79875,0.63963963963964,0.63963963963964,0
0.8,0.640640640640641,0.640640640640641,0
0.80125,0.641641641641642,0.641641641641642,0
0.8025,0.642642642642643,0.642642642642643,0
0.80375,0.643643643643644,0.643643643643644,0
0.805,0.644644644644645,0.644644644644645,0
0.80625,0.645645645645646,0.645645645645646,0
0.8075,0.646646646646647,0.646646646646647,0
0.80875,0.647647647647648,0.647647647647648,0
0.81,0.648648648648649,0.648648648648649,0
0.81125,0.64964964964965,0.64964964964965,0
0.8125,0.650650650650651,0.650650650650651,0
0.81375,0.651651651651652,0.651651651651652,0
0.815,0.652652652652653,0.652652652652653,0
0.81625,0.653653653653654,0.653653653653654,0
0.8175,0.654654654654655,0.654654654654655,0
0.81875,0.655655655655656,0.655655655655656,0
0.82,0.656656656656657,0.656656656656657,0
0.82125,0.657657657657658,0.657657657657658,0
0.8225,0.658658658658659,0.658658658658659,0
0.82375,0.65965965965966,0.65965965965966,0
0.825,0.660660660660661,0.660660660660661,0
0.82625,0.661661661661662,0.661661661661662,0
0.8275,0.662662662662663,0.662662662662663,0
0.82875,0.663663663663664,0.663663663663664,0
0.83,0.664664664664665,0.664664664664665,0
0.83125,0.665665665665666,0.665665665665666,0
0.8325,0.666666666666667,0.666666666666667,0
0.83375,0.667667667667668,0.667667667667668,0
0.835,0.668668668668669,0.668668668668669,0
0.83625,0.66966966966967,0.66966966966967,0
0.8375,0.670670670670671,0.670670670670671,0
0.83875,0.671671671671672,0.671671671671672,0
0.84,0.672672672672673,0.672672672672673,0
0.84125,0.673673673673674,0.673673673673674,0
0.8425,0.674674674674675,0.674674674674675,0
0.84375,0.675675675675676,0.675675675675676,0
0.845,0.676676676676677,0.676676676676677,0
0.84625,0.677677677677678,0.677677677677678,0
0.8475,0.678678678678679,0.678678678678679,0
0.84875,0.67967967967968,0.67967967967968,0
0.85,0.680680680680681,0.680680680680681,0
0.85125,0.681681681681682,0.681681681681682,0
0.8525,0.682682682682683,0.682682682682683,0
0.85375,0.683683683683684,0.683683683683684,0
0.855,0.684684684684685,0.684684684684685,0
0.85625,0.685685685685686,0.685685685685686,0
0.8575,0.686686686686687,0.686686686686687,0
0.85875,0.687687687687688,0.687687687687688,0
0.86,0.688688688688689,0.688688688688689,0
0.86125,0.68968968968969,0.68968968968969,0
0.8625,0.690690690690691,0.690690690690691,0
0.86375,0.691691691691692,0.691691691691692,0
0.865,0.692692692692693,0.692692692692693,0
0.86625,0.693693693693694,0.693693693693694,0
0.8675,0.694694694694695,0.694694694694695,0
0.86875,0.695695695695696,0.695695695695696,0
0.87,0.696696696696697,0.696696696696697,0
0.87125,0.697697697697698,0.697697697697698,0
0.8725,0.698698698698699,0.698698698698699,0
0.87375,0.6996996996997,0.6996996996997,0
0.875,0.700700700700701,0.700700700700701,0
0.87625,0.701701701701702,0.701701701701702,0
0.8775,0.702702702702703,0.702702702702703,0
0.87875,0.703703703703704,0.703703703703704,0
0.88,0.704704704704705,0.704704704704705,0
0.88125,0.705705705705706,0.705705705705706,0
0.8825,0.706706706706707,0.706706706706707,0
0.88375,0.707707707707708,0.707707707707708,0
0.885,0.708708708708709,0.708708708708709,0
0.88625,0.70970970970971,0.70970970970971,0
0.8875,0.710710710710711,0.710710710710711,0
0.88875,0.711711711711712,0.711711711711712,0
0.89,0.712712712712713,0.712712712712713,0
0.89125,0.713713713713714,0.713713713713714,0
0.8925,0.714714714714715,0.714714714714715,0
0.89375,0.715715715715716,0.715715715715716,0
0.895,0.716716716716717,0.716716716716717,0
0.89625,0.717717717717718,0.717717717717718,0
0.8975,0.718718718718719,0.718718718718719,0
0.89875,0.71971971971972,0.71971971971972,0
0.9,0.720720720720721,0.720720720720721,0
0.90125,0.721721721721722,0.721721721721722,0
0.9025,0.722722722722723,0.722722722722723,0
0.90375,0.723723723723724,0.723723723723724,0
0.905,0.724724724724725,0.724724724724725,0
0.90625,0.725725725725726,0.725725725725726,0
0.9075,0.726726726726727,0.726726726726727,0
0.90875,0.727727727727728,0.727727727727728,0
0.91,0.728728728728729,0.728728728728729,0
0.91125,0.72972972972973,0.72972972972973,0
0.9125,0.730730730730731,0.730730730730731,0
0.91375,0.731731731731732,0.731731731731732,0
0.915,0.732732732732733,0.732732732732733,0
0.91625,0.733733733733734,0.733733733733734,0
0.9175,0.734734734734735,0.734734734734735,0
0.91875,0.735735735735736,0.735735735735736,0
0.92,0.736736736736737,0.736736736736737,0
0.92125,0.737737737737738,0.737737737737738,0
0.9225,0.738738738738739,0.738738738738739,0
0.92375,0.73973973973974,0.73973973973974,0
0.925,0.740740740740741,0.740740740740741,0
0.92625,0.741741741741742,0.741741741741742,0
0.9275,0.742742742742743,0.742742742742743,0
0.92875,0.743743743743744,0.743743743743744,0
0.93,0.744744744744745,0.744744744744745,0
0.93125,0.745745745745746,0.745745745745746,0
0.9325,0.746746746746747,0.746746746746747,0
0.93375,0.747747747747748,0.747747747747748,0
0.935,0.748748748748749,0.748748748748749,0
0.93625,0.74974974974975,0.74974974974975,0
0.9375,0.750750750750751,0.750750750750751,0
0.93875,0.751751751751752,0.751751751751752,0
0.94,0.752752752752753,0.752752752752753,0
0.94125,0.753753753753754,0.753753753753754,0
0.9425,0.754754754754755,0.754754754754755,0
0.94375,0.755755755755756,0.755755755755756,0
0.945,0.756756756756757,0.756756756756757,0
0.94625,0.757757757757758,0.757757757757758,0
0.9475,0.758758758758759,0.758758758758759,0
0.94875,0.75975975975976,0.75975975975976,0
0.95,0.760760760760761,0.760760760760761,0
0.95125,0.761761761761762,0.761761761761762,0
0.9525,0.762762762762763,0.762762762762763,0
0.95375,0.763763763763764,0.763763763763764,0
0.955,0.764764764764765,0.764764764764765,0
0.95625,0.765765765765766,0.765765765765766,0
0.9575,0.766766766766767,0.766766766766767,0
0.95875,0.767767767767768,0.767767767767768,0
0.96,0.768768768768769,0.768768768768769,0
0.96125,0.76976976976977,0.76976976976977,0
0.9625,0.770770770770771,0.770770770770771,0
0.96375,0.771771771771772,0.771771771771772,0
0.965,0.772772772772773,0.772772772772773,0
0.96625,0.773773773773774,0.773773773773774,0
0.9675,0.774774774774775,0.774774774774775,0
0.96875,0.775775775775776,0.775775775775776,0
0.97,0.776776776776777,0.776776776776777,0
0.97125,0.777777777777778,0.777777777777778,0
0.9725,0.778778778778779,0.778778778778779,0
0.97375,0.77977977977978,0.77977977977978,0
0.975,0.780780780780781,0.780780780780781,0
0.97625,0.781781781781782,0.781781781781782,0
0.9775,0.782782782782783,0.782782782782783,0
0.97875,0.783783783783784,0.783783783783784,0
0.98,0.784784784784785,0.784784784784785,0
0.98125,0.785785785785786,0.785785785785786,0
0.9825,0.786786786786787,0.786786786786787,0
0.98375,0.787787787787788,0.787787787787788,0
0.985,0.788788788788789,0.788788788788789,0
0.98625,0.78978978978979,0.78978978978979,0
0.9875,0.790790790790791,0.790790790790791,0
0.98875,0.791791791791792,0.791791791791792,0
0.99,0.792792792792793,0.792792792792793,0
0.99125,0.793793793793794,0.793793793793794,0
0.9925,0.794794794794795,0.794794794794795,0
0.99375,0.795795795795796,0.795795795795796,0
0.995,0.796796796796797,0.796796796796797,0
0.99625,0.797797797797798,0.797797797797798,0
0.9975,0.798798798798799,0.798798798798799,0
0.99875,0.7997997997998,0.7997997997998,0
1,0.800800800800801,0.800800800800801,0
0,0.801801801801802,0.801801801801802,0
0,0.802802802802803,0.802802802802803,0
0,0.803803803803804,0.803803803803804,0
0,0.804804804804805,0.804804804804805,0
0,0.805805805805806,0.805805805805806,0
0,0.806806806806807,0.806806806806807,0
0,0.807807807807808,0.807807807807808,0
0,0.808808808808809,0.808808808808809,0
0,0.80980980980981,0.80980980980981,0
0,0.810810810810811,0.810810810810811,0
0,0.811811811811812,0.811811811811812,0
0,0.812812812812813,0.812812812812813,0
0,0.813813813813814,0.813813813813814,0
0,0.814814814814815,0.814814814814815,0
0,0.815815815815816,0.815815815815816,0
0,0.816816816816817,0.816816816816817,0
0,0.817817817817818,0.817817817817818,0
0,0.818818818818819,0.818818818818819,0
0,0.81981981981982,0.81981981981982,0
0,0.820820820820821,0.820820820820821,0
0,0.821821821821822,0.821821821821822,0
0,0.822822822822823,0.822822822822823,0
0,0.823823823823824,0.823823823823824,0
0,0.824824824824825,0.824824824824825,0
0,0.825825825825826,0.825825825825826,0
0,0.826826826826827,0.826826826826827,0
0,0.827827827827828,0.827827827827828,0
0,0.828828828828829,0.828828828828829,0
0,0.82982982982983,0.82982982982983,0
0,0.830830830830831,0.830830830830831,0
0,0.831831831831832,0.831831831831832,0
0,0.832832832832833,0.832832832832833,0
0,0.833833833833834,0.833833833833834,0
0,0.834834834834835,0.834834834834835,0
0,0.835835835835836,0.835835835835836,0
0,0.836836836836837,0.836836836836837,0
0,0.837837837837838,0.837837837837838,0
0,0.838838838838839,0.838838838838839,0
0,0.83983983983984,0.83983983983984,0
0,0.840840840840841,0.840840840840841,0
0,0.841841841841842,0.841841841841842,0
0,0.842842842842843,0.842842842842843,0
0,0.843843843843844,0.843843843843844,0
0,0.844844844844845,0.844844844844845,0
0,0.845845845845846,0.845845845845846,0
0,0.846846846846847,0.846846846846847,0
0,0.847847847847848,0.847847847847848,0
0,0.848848848848849,0.848848848848849,0
0,0.84984984984985,0.84984984984985,0
0,0.850850850850851,0.850850850850851,0
0,0.851851851851852,0.851851851851852,0
0,0.852852852852853,0.852852852852853,0
0,0.853853853853854,0.853853853853854,0
0,0.854854854854855,0.854854854854855,0
0,0.855855855855856,0.855855855855856,0
0,0.856856856856857,0.856856856856857,0
0,0.857857857857858,0.857857857857858,0
0,0.858858858858859,0.858858858858859,0
0,0.85985985985986,0.85985985985986,0
0,0.860860860860861,0.860860860860861,0
0,0.861861861861862,0.861861861861862,0
0,0.862862862862863,0.862862862862863,0
0,0.863863863863864,0.863863863863864,0
0,0.864864864864865,0.864864864864865,0
0,0.865865865865866,0.865865865865866,0
0,0.866866866866867,0.866866866866867,0
0,0.867867867867868,0.867867867867868,0
0,0.868868868868869,0.868868868868869,0
0,0.86986986986987,0.86986986986987,0
0,0.870870870870871,0.870870870870871,0
0,0.871871871871872,0.871871871871872,0
0,0.872872872872873,0.872872872872873,0
0,0.873873873873874,0.873873873873874,0
0,0.874874874874875,0.874874874874875,0
0,0.875875875875876,0.875875875875876,0
0,0.876876876876877,0.876876876876877,0
0,0.877877877877878,0.877877877877878,0
0,0.878878878878879,0.878878878878879,0
0,0.87987987987988,0.87987987987988,0
0,0.880880880880881,0.880880880880881,0
0,0.881881881881882,0.881881881881882,0
0,0.882882882882883,0.882882882882883,0
0,0.883883883883884,0.883883883883884,0
0,0.884884884884885,0.884884884884885,0
0,0.885885885885886,0.885885885885886,0
0,0.886886886886887,0.886886886886887,0
0,0.887887887887888,0.887887887887888,0
0,0.888888888888889,0.888888888888889,0
0,0.88988988988989,0.88988988988989,0
0,0.890890890890891,0.890890890890891,0
0,0.891891891891892,0.891891891891892,0
0,0.892892892892893,0.892892892892893,0
0,0.893893893893894,0.893893893893894,0
0,0.894894894894895,0.894894894894895,0
0,0.895895895895896,0.895895895895896,0
0,0.896896896896897,0.896896896896897,0
0,0.897897897897898,0.897897897897898,0
0,0.898898898898899,0.898898898898899,0
0,0.8998998998999,0.8998998998999,0
0,0.900900900900901,0.900900900900901,0
0,0.901901901901902,0.901901901901902,0
0,0.902902902902903,0.902902902902903,0
0,0.903903903903904,0.903903903903904,0
0,0.904904904904905,0.904904904904905,0
0,0.905905905905906,0.905905905905906,0
0,0.906906906906907,0.906906906906907,0
0,0.907907907907908,0.907907907907908,0
0,0.908908908908909,0.908908908908909,0
0,0.90990990990991,0.90990990990991,0
0,0.910910910910911,0.910910910910911,0
0,0.911911911911912,0.911911911911912,0
0,0.912912912912913,0.912912912912913,0
0,0.913913913913914,0.913913913913914,0
0,0.914914914914915,0.914914914914915,0
0,0.915915915915916,0.915915915915916,0
0,0.916916916916917,0.916916916916917,0
0,0.917917917917918,0.917917917917918,0
0,0.918918918918919,0.918918918918919,0
0,0.91991991991992,0.91991991991992,0
0,0.920920920920921,0.920920920920921,0
0,0.921921921921922,0.921921921921922,0
0,0.922922922922923,0.922922922922923,0
0,0.923923923923924,0.923923923923924,0
0,0.924924924924925,0.924924924924925,0
0,0.925925925925926,0.925925925925926,0
0,0.926926926926927,0.926926926926927,0
0,0.927927927927928,0.927927927927928,0
0,0.928928928928929,0.928928928928929,0
0,0.92992992992993,0.92992992992993,0
0,0.930930930930931,0.930930930930931,0
0,0.931931931931932,0.931931931931932,0
0,0.932932932932933,0.932932932932933,0
0,0.933933933933934,0.933933933933934,0
0,0.934934934934935,0.934934934934935,0
0,0.935935935935936,0.935935935935936,0
0,0.936936936936937,0.936936936936937,0
0,0.937937937937938,0.937937937937938,0
0,0.938938938938939,0.938938938938939,0
0,0.93993993993994,0.93993993993994,0
0,0.940940940940941,0.940940940940941,0
0,0.941941941941942,0.941941941941942,0
0,0.942942942942943,0.942942942942943,0
0,0.943943943943944,0.943943943943944,0
0,0.944944944944945,0.944944944944945,0
0,0.945945945945946,0.945945945945946,0
0,0.946946946946947,0.946946946946947,0
0,0.947947947947948,0.947947947947948,0
0,0.948948948948949,0.948948948948949,0
0,0.94994994994995,0.94994994994995,0
0,0.950950950950951,0.950950950950951,0
0,0.951951951951952,0.951951951951952,0
0,0.952952952952953,0.952952952952953,0
0,0.953953953953954,0.953953953953954,0
0,0.954954954954955,0.954954954954955,0
0,0.955955955955956,0.955955955955956,0
0,0.956956956956957,0.956956956956957,0
0,0.957957957957958,0.957957957957958,0
0,0.958958958958959,0.958958958958959,0
0,0.95995995995996,0.95995995995996,0
0,0.960960960960961,0.960960960960961,0
0,0.961961961961962,0.961961961961962,0
0,0.962962962962963,0.962962962962963,0
0,0.963963963963964,0.963963963963964,0
0,0.964964964964965,0.964964964964965,0
0,0.965965965965966,0.965965965965966,0
0,0.966966966966967,0.966966966966967,0
0,0.967967967967968,0.967967967967968,0
0,0.968968968968969,0.968968968968969,0
0,0.96996996996997,0.96996996996997,0
0,0.970970970970971,0.970970970970971,0
0,0.971971971971972,0.971971971971972,0
0,0.972972972972973,0.972972972972973,0
0,0.973973973973974,0.973973973973974,0
0,0.974974974974975,0.974974974974975,0
0,0.975975975975976,0.975975975975976,0
0,0.976976976976977,0.976976976976977,0
0,0.977977977977978,0.977977977977978,0
0,0.978978978978979,0.978978978978979,0
0,0.97997997997998,0.97997997997998,0
0,0.980980980980981,0.980980980980981,0
0,0.981981981981982,0.981981981981982,0
0,0.982982982982983,0.982982982982983,0
0,0.983983983983984,0.983983983983984,0
0,0.984984984984985,0.984984984984985,0
0,0.985985985985986,0.985985985985986,0
0,0.986986986986987,0.986986986986987,0
0,0.987987987987988,0.987987987987988,0
0,0.988988988988989,0.988988988988989,0
0,0.98998998998999,0.98998998998999,0
0,0.990990990990991,0.990990990990991,0
0,0.991991991991992,0.991991991991992,0
0,0.992992992992993,0.992992992992993,0
0,0.993993993993994,0.993993993993994,0
0,0.994994994994995,0.994994994994995,0
0,0.995995995995996,0.995995995995996,0
0,0.996996996996997,0.996996996996997,0
0,0.997997997997998,0.997997997997998,0
0,0.998998998998999,0.998998998998999,0
0,1,1,0
